subdomain,http_status,https_status,active,redirects_to,server,technologies,ip_address,dns_active
www.secureblink.com.in,,,False,,,[],,False
mail.secureblink.com.in,,,False,,,[],,False
ftp.secureblink.com.in,,,False,,,[],,False
admin.secureblink.com.in,,,False,,,[],,False
api.secureblink.com.in,,,False,,,[],,False
app.secureblink.com.in,,,False,,,[],,False
dev.secureblink.com.in,,,False,,,[],,False
test.secureblink.com.in,,,False,,,[],,False
staging.secureblink.com.in,,,False,,,[],,False
blog.secureblink.com.in,,,False,,,[],,False
shop.secureblink.com.in,,,False,,,[],,False
store.secureblink.com.in,,,False,,,[],,False
forum.secureblink.com.in,,,False,,,[],,False
support.secureblink.com.in,,,False,,,[],,False
help.secureblink.com.in,,,False,,,[],,False
docs.secureblink.com.in,,,False,,,[],,False
cdn.secureblink.com.in,,,False,,,[],,False
static.secureblink.com.in,,,False,,,[],,False
assets.secureblink.com.in,,,False,,,[],,False
images.secureblink.com.in,,,False,,,[],,False
media.secureblink.com.in,,,False,,,[],,False
files.secureblink.com.in,,,False,,,[],,False
download.secureblink.com.in,,,False,,,[],,False
uploads.secureblink.com.in,,,False,,,[],,False
secureblink.com.in,,,False,,,[],,False
